<?xml version="1.0" encoding="UTF-8" standalone="yes"?>
<addon id="plugin.video.fishermanscove" name="[COLOR red]F[/COLOR]ishermans Friend" version="5.0.3" provider-name="Just Another Bank Tramp">
    <requires>
        <import addon="xbmc.python" version="2.19.0" />
        <import addon="script.module.nanscrapers" version="0.5.5" />
        <import addon="script.module.python.koding.aio" version="0.9.6.6" />
        <import addon="script.module.beautifulsoup" version="3.2.1" />
        <import addon="script.module.requests" version="2.9.1" />
        <import addon="script.module.addon.common" version="2.0.0" />
        <import addon="script.module.xmltodict" version="0.9.0" />
        <!--<import addon="script.module.web-pdb" version="1.0"/>-->
        <import addon="script.module.urlresolver" version="1.2.0" />
    </requires>
    <extension point="xbmc.python.pluginsource" library="default.py">
        <provides>audio video</provides>
    </extension>
    <extension point="xbmc.service" library="service.py" start="[login|startup]" />
    <extension point="xbmc.addon.metadata">
    <summary lang="en">[COLOR red]F[/COLOR]ishermans Friend By The [COLOR red]B[/COLOR]ank Tramp</summary>
    <description lang="en">A Collection of Content to keep u busy on the banks! This Addon uses Openload so pairing is needed to view the streams.. We do not host content, we do not upload content, all this content is freely available online with a quick search... All I do is organise these links all into one place..  Kind Regards  The [COLOR red]B[/COLOR]ank Tramp</description>
        <platform>all</platform>
        <website></website>
        <video_guide></video_guide>
    </extension>
</addon>
