<dir>
        <name>Screeners</name>
        <link>https://raw.githubusercontent.com/graciegreen1122/alice/master/screeners.xml</link>
        <animated_thumbnail></animated_thumbnail>
        <thumbnail></thumbnail>
        <animated_fanart></animated_fanart>
        <fanart></fanart>
</dir>

<dir>
        <name>Collections</name>
        <link>https://raw.githubusercontent.com/graciegreen1122/alice/master/boxsets.xml</link>
        <animated_thumbnail></animated_thumbnail>
        <thumbnail>https://archive.org/download/prometheus_201712/BOXSETS.jpg</thumbnail>
        <animated_fanart></animated_fanart>
        <fanart></fanart>
</dir>

<dir>
		<title>Movies</title>
		<link>https://raw.githubusercontent.com/graciegreen1122/test1/master/moviemadd.xml</link>
        <animated_thumbnail></animated_thumbnail>
        <thumbnail>https://archive.org/download/prometheus_201712/download.jpg</thumbnail>
        <animated_fanart></animated_fanart>
        <fanart></fanart>
</dir>

<dir>
<title>[B][COLORred]The Walking Dead Collection[/COLOR][/B]</title>
<tmdb>list/43970</tmdb>
<thumbnail>https://turkce-yama.com/wp-content/uploads/The-Walking-Dead-Episode-3-Long-Road-Ahead-Simge.png</thumbnail>
<fanart>http://wallpaperstock.net/the-walking-dead-poster_wallpapers_46279_1920x1080.jpg</fanart>
</dir>

<dir>
<title>[B][COLORblue]Game of Thrones Collection[/COLOR][/B]</title>
<tmdb>list/43972</tmdb>
<thumbnail>https://cdn.iconverticons.com/files/png/2e399020735c3690_256x256.png</thumbnail>
<fanart>https://wallpaperscraft.com/image/game_of_thrones_game_cyanide_studio_action_role_playing_game_100754_1920x1080.jpg</fanart>
</dir>

<dir>
        <name>[COLORwhite]TV[/COLOR]</name>
        <link>https://raw.githubusercontent.com/graciegreen1122/test1/master/tvmadd.xml</link>
        <thumbnail>https://archive.org/download/prometheus_201712/TVSHOWS.jpg</thumbnail>
        <animated_fanart></animated_fanart>
        <fanart>http://www.pvhc.net/img41/omgxliumdwchylmmuokn.jpg</fanart>
</dir>

<dir>
<title>[B][COLORblue]Kids Movies[/COLOR][/B]</title>
<tmdb>list/43532</tmdb>
<thumbnail>http://www.illuminatitemple.xyz/mrskeletor/KIDS.jpg</thumbnail>
<fanart></fanart>
</dir>

<dir>
      <title>Trakt Trending Movies</title>
      <trakt>https://api.trakt.tv/movies/trending</trakt>
</dir>

<dir>
      <title>Trakt Popular Movies</title>
      <trakt>https://api.trakt.tv/movies/popular</trakt>
</dir>

<dir>
      <title>Trakt Trending Shows</title>
      <trakt>https://api.trakt.tv/shows/trending</trakt>
</dir>

<dir>
      <title>Trakt Popular Shows</title>
      <trakt>https://api.trakt.tv/shows/popular</trakt>
</dir>

<dir>
<title>Search Internet Movies</title>
<tmdb>search</tmdb>
</dir>