<dir>
        
        <name>[COLORyellow]Prometheus[/COLOR]</name>
        <link>http://lookingglass.rocks/rhmkodi/main.xml</link>
        <animated_thumbnail></animated_thumbnail>
        <thumbnail></thumbnail>
        <fanart></fanart>
</dir>

<dir>

        <name>[COLORred]Vendetta[/COLOR]</name>
        <link>http://lookingglass.rocks/rhmkodi/vendetta/main.xml</link>
        <thumbnail></thumbnail>
        <animated_fanart></animated_fanart>
        <fanart></fanart>

</dir>

<dir>
      <title>War Movies</title>
      <trakt>https://api.trakt.tv/users/echang/lists/war/items</trakt>
</dir>

<dir>
      <title>Documentaries</title>
      <trakt>https://api.trakt.tv/users/movistapp/lists/documentary/items</trakt>
</dir>




