<?xml version="1.0" encoding="UTF-8" standalone="yes"?>
<addon id="plugin.video.theduchess" name="[COLORgold]T[/COLOR][COLORdarkorchid]he[/COLOR] [COLORgold]D[/COLOR][COLORdarkorchid]uchess[/COLOR]" version="1.4" provider-name="MillzyHD~~~midraal">
    <requires>
        <import addon="xbmc.python" version="2.19.0" />
        <import addon="script.module.nanscrapers" version="0.5.5" />
        <import addon="script.module.python.koding.aio" version="0.9.6.6" />
        <import addon="script.module.beautifulsoup" version="3.2.1" />
        <import addon="script.module.requests" version="2.9.1" />
        <import addon="script.module.addon.common" version="2.0.0" />
        <import addon="script.module.xmltodict" version="0.9.0" />
        <!--<import addon="script.module.web-pdb" version="1.0"/>-->
        <import addon="script.module.urlresolver" version="1.2.0" />
    </requires>
    <extension point="xbmc.python.pluginsource" library="default.py">
        <provides>video</provides>
    </extension>
    <extension point="xbmc.service" library="service.py" start="[login|startup]" />
    <extension point="xbmc.addon.metadata">
        <summary lang="en">Come in. There's some cool stuff in here! ***A big thank you to GG and the entire LG team*** </summary>
        <disclaimer lang="en">The author of this addon do not host any of the content which is found and has no affiliation with any of the content providers. This addon simply searches websites that are openly available to the public for content. Use at your own risk. Not sure? Use a VPN.</disclaimer>
        <platform>all</platform>
        <website></website>
        <video_guide></video_guide>
    </extension>
</addon>
