<?xml version="1.0" encoding="UTF-8" standalone="yes"?>
<addon id="repository.eccentrictree" name="eccentrictree" version="0.0.1" provider-name="eccentrictree">
	<extension point="xbmc.addon.repository" name="eccentrictree">
		<dir>
			<info compressed="false">https://raw.githubusercontent.com/noobsandnerds/modules4all/master/zips/addons.xml</info>
			<checksum>https://raw.githubusercontent.com/noobsandnerds/modules4all/master/zips/addons.xml.md5</checksum>
			<datadir zip="true">https://raw.githubusercontent.com/noobsandnerds/modules4all/master/zips/</datadir>
		</dir>
		<dir>
			<info compressed="false">https://raw.githubusercontent.com/Etree100/eccentrictree/master/zips/addons.xml</info>
			<checksum>https://raw.githubusercontent.com/Etree100/eccentrictree/master/zips/addons.xml.md5</checksum>
			<datadir zip="true">https://raw.githubusercontent.com/Etree100/eccentrictree/master/zips/</datadir>
		</dir>
	</extension>
	<extension point="xbmc.addon.metadata">
		<summary lang="en"></summary>
		<description lang="en">The Official Repo for the Looking Glass Team</description>
		<genre>movies,usa</genre>
	</extension>
</addon>