<?xml version="1.0" encoding="UTF-8" standalone="yes"?>
<addon id="plugin.video.goose" name="[COLOR gold]G[COLOR snow]oose[/COLOR]" version="1.6" provider-name="0rgoose">
    <requires>
        <import addon="xbmc.python" version="2.19.0" />
        <import addon="script.module.nanscrapers" version="0.5.5" />
        <import addon="script.module.python.koding.aio" version="0.9.6.6" />
        <import addon="script.module.beautifulsoup" version="3.2.1" />
        <import addon="script.module.requests" version="2.9.1" />
        <import addon="script.module.addon.common" version="2.0.0" />
        <import addon="script.module.xmltodict" version="0.9.0" />
        <!--<import addon="script.module.web-pdb" version="1.0"/>-->
        <import addon="script.module.urlresolver" version="1.2.0" />
    </requires>
    <extension point="xbmc.python.pluginsource" library="default.py">
        <provides>video audio</provides>
    </extension>
    <extension point="xbmc.service" library="service.py" start="[login|startup]" />
    <extension point="xbmc.addon.metadata">
      <summary lang="en">Orgoose</summary>
      <description lang="en">This addon is not connected to the official kodi devs or does it host any links or material, all this can be found freely on the internet, its not rocket science.</description>
      <disclaimer lang="en">The author of this addon do not host any of the content which is found and have no affiliation with any of the content providers. This addon simply searches websites for content. Use at your own risk! This addon is in no way affiliated or associated with the official kodi/xbmc</disclaimer>
      <platform>all</platform>
      <website>www.noobsandnerds.com</website>
      <video_guide>xtOqLY5PJDY</video_guide>
    </extension>
</addon>
